單字,台語例句,台羅拼音,中文翻譯,來源詞目,資料品質,擷取時間,資料來源
上課,阿明仔蹛佇學校附近，定定都睏到欲上課矣才欲起來，結果人蹛較遠的攏到學校矣，伊煞不時攏較晏到，莫怪人咧講「近山剉無柴，近溪擔無水。」,"A-bîng--á tuà tī ha̍k-hāu hù-kīn, tiānn-tiānn to khùn kàu beh siōng-khò--ah tsiah beh khí--lâi, kiat-kó lâng tuà khah hn̄g--ê lóng kàu ha̍k-hāu--ah, i suah put-sî lóng khah uànn kàu, bo̍k-kuài lâng teh kóng “kīn suann tshò bô tshâ, kīn khe tann bô tsuí.”。」",小明住在學校附近，常常都睡到快上課了才起床，結果住比較遠的人都到學校了，他卻時常遲到，難怪人家說「靠近山卻砍不到柴，靠近溪邊卻挑不到水。」,近山剉無柴，近溪擔無水。,完整,2025-08-27 15:13:20,教育部臺灣台語常用詞辭典
下課,我通常是四點下課。,Guá thong-siông sī sì tiám hā-khò.。,我通常是四點下課。,通常,完整,2025-08-27 15:11:11,教育部臺灣台語常用詞辭典
主任,學務主任為著欲「刣雞教猴」，就共偷走學的學生叫起去司令台教示予眾人看。,"Ha̍k-bū tsú-jīm uī-tio̍h beh “thâi-ke-kà-kâu”, tō kā thau-tsáu-o̍h ê ha̍k-sing kiò khí-khì su-līng-tâi kà-sī hōo tsìng-lâng khuànn.。",學務主任為了要「殺雞儆猴」，就把翹課的學生叫去司令台當眾訓示。,刣雞教猴。,完整,2025-08-27 15:10:20,教育部臺灣台語常用詞辭典
冊包,伊冊包揹咧講欲去圖書館讀冊，其實「捾籃仔假燒金」，是欲去佮查某朋友約會。,"I tsheh-pau phāinn--leh kóng beh khì tôo-su-kuán tha̍k-tsheh, kî-si̍t “kuānn nâ-á ké sio-kim”, sī beh khì kah tsa-bóo pîng-iú iok-huē.。",他背著書包說要去圖書館讀書，其實「掩人耳目」，是要去跟女朋友約會。,捾籃仔假燒金。,完整,2025-08-27 15:12:01,教育部臺灣台語常用詞辭典
刀仔,刀仔割著的空喙若較細空，就較快堅血。,"To-á kuah--tio̍h ê khang-tshuì nā khah sè khang, tō khah khuài kian-hueh.。",刀子割到的傷口如果比較小，就比較容易止血。,堅血,完整,2025-08-27 15:11:33,教育部臺灣台語常用詞辭典
功課,糞埽車來矣，阿母叫明仔去摒糞埽，伊煞講伊咧寫功課，阿母氣甲那逐糞埽車那唸：「教豬教狗，不如家己走。」,"Pùn-sò-tshia lâi--ah, a-bú kiò Bîng--á khì piànn pùn-sò, i suah kóng i teh siá kong-khò, a-bú khì kah ná jiok pùn-sò-tshia ná liām, “Kà ti kà káu, put-jû ka-kī tsáu.”。」",垃圾車來了，媽媽叫阿明去倒垃圾，他卻說他在寫功課，媽媽氣得一邊追垃圾車一邊唸：「支使豬支使狗，不如自己跑。」,教豬教狗，不如家己走。,完整,2025-08-27 15:10:23,教育部臺灣台語常用詞辭典
博士,金木伯的孤囝去日本留學，閣提著博士學位，這款的子弟真正是「一斗較贏九石」，通庄的人攏呵咾甲會觸舌！,"Kim-bo̍k peh ê koo-kiánn khì Ji̍t-pún liû-ha̍k, koh the̍h-tio̍h phok-sū ha̍k-uī, tsit khuán ê tsú-tē tsin-tsiànn sī “tsi̍t táu khah iânn káu tsio̍h”, thong tsng ê lâng lóng o-ló kah ē tak-tsi̍h!。",金木伯的獨子去日本留學，又拿到博士學位，這樣的子弟真正是「少量的精品，勝過大量的劣質品」，整個村里的人都讚不絕口！,一斗較贏九石。,完整,2025-08-27 15:11:05,教育部臺灣台語常用詞辭典
台語,彼个外國傳教士為著欲佇臺灣傳教，台語學甲端的閣滑溜。,"Hit ê guā-kok thuân-kàu-sū uī-tio̍h beh tī Tâi-uân thuân-kàu, Tâi-gí o̍h kah tuan-tiah koh ku̍t-liū.。",那個外國傳教士為了要在臺灣傳教，臺灣台語學得道地又流利。,滑溜,完整,2025-08-27 15:11:13,教育部臺灣台語常用詞辭典
同學,伊見擺報告寫袂出來，攏講是同學無欲共鬥相共，真正是「袂生，牽拖厝邊」。,"I kiàn-pái pò-kò siá bē tshut--lâi, lóng kóng sī tông-ha̍k bô beh kā tàu-sann-kāng, tsin-tsiànn sī “bē sinn, khan-thua tshù-pinn”.。",他每次報告寫不出來，都說是同學不肯幫他，真的是「自己無能，怪罪別人」。,袂生，牽拖厝邊。,完整,2025-08-27 15:10:09,教育部臺灣台語常用詞辭典
國中,伊的數學程度真好，雖然才讀國中，高中的數學嘛攏會曉。,"I ê sòo-ha̍k thîng-tōo tsin hó, sui-jiân tsiah tha̍k kok-tiong, ko-tiong ê sòo-ha̍k mā lóng ē-hiáu.。",他的數學程度很好，雖然才讀國中，高中的數學也都會。,程度,完整,2025-08-27 15:10:51,教育部臺灣台語常用詞辭典
國小,俗語講：「艱苦頭，快活尾。」阿發自國小出業了後就綴人去做塗水，骨力趁錢來飼規家伙仔，天公伯仔也真疼惜伊，予伊娶著願意做伙拍拚的媠某，閣踏著好時機佮人合股起厝趁著錢，兩个囡仔嘛真有孝閣有才情，予伊穩心仔提早退休，佮𪜶牽手鬥陣去遊山玩水。,"Sio̍k-gí kóng, “Kan-khóo thâu, khuìnn-ua̍h bué.” A-huat tsū kok-sió tshut-gia̍p liáu-āu tō tuè lâng khì tsò thôo-tsuí, kut-la̍t thàn-tsînn lâi tshī kui-ke-hué-á, thinn-kong-peh--á iā tsin thiànn-sioh--i, hōo i tshuā-tio̍h guān-ì tsò-hué phah-piànn ê suí bóo, koh ta̍h-tio̍h hó sî-ki kah lâng ha̍p-kóo khí-tshù thàn-tio̍h tsînn, nn̄g ê gín-á mā tsin iú-hàu koh ū tsâi-tsîng, hōo i ún-sim-á thê-tsá thè-hiu, kah in khan-tshiú tàu-tīn khì iû-san-uán-suí.。」阿發從國小畢業後就跟著別人去做泥水匠，賣力賺錢養一家人，老天爺也很疼愛他，讓他娶到願意一起努力的美嬌娘，又遇上景氣好跟人合建公寓賺到錢，兩個小孩很孝順又有才華，讓他安心提早退休，和妻子一同去遊山玩水。",俗諺說：「含淚播種，歡笑收割。」阿發從國小畢業後就跟著別人去做泥水匠，賣力賺錢養一家人，老天爺也很疼愛他，讓他娶到願意一起努力的美嬌娘，又遇上景氣好跟人合建公寓賺到錢，兩個小孩很孝順又有才華，讓他安心提早退休，和妻子一同去遊山玩水。,艱苦頭，快活尾。,完整,2025-08-27 15:10:48,教育部臺灣台語常用詞辭典
地理,𪜶老爸是專門咧共人看地理的。,In lāu-pē sī tsuan-bûn teh kā lâng khuànn tē-lí--ê.。,他父親是專門在幫人看風水的。,地理,完整,2025-08-27 15:12:04,教育部臺灣台語常用詞辭典
大學,阿財仔下真濟苦心佮所費咧共𪜶後生栽培，向望伊會當出頭天，結局伊毋但大學讀無畢業，閣欲食毋討趁，顛倒是𪜶查某囝較有才情，研究所都猶未出業，幾若間公司就相爭欲共倩，阿財仔怨嘆講：「豬毋大，大對狗去。」,"A-tsâi--á hē tsin tsē khóo-sim kah sóo-huì teh kā in hāu-senn tsai-puê, ǹg-bāng i ē-tàng tshut-thâu-thinn, kiat-kio̍k i m̄-nā tāi-ha̍k tha̍k bô pit-gia̍p, koh beh tsia̍h m̄ thó-thàn, tian-tò sī in tsa-bóo-kiánn khah ū tsâi-tsîng, gián-kiù-sóo to iáu-buē tshut-gia̍p, kuí-nā king kong-si tō sio-tsenn beh kā tshiànn, A-tsâi--á uàn-thàn kóng, “Ti m̄ tuā, tuā tuì káu--khì.”。」",阿財花費了許多苦心和費用栽培他兒子，希望他能出人頭地，結果他不但大學無法畢業，還好逸惡勞，反而是他女兒比較有才華，研究所還沒畢業，好幾間公司就搶著要聘用他，阿財嘆氣說：「事與願違。」,豬毋大，大對狗去。,完整,2025-08-27 15:11:28,教育部臺灣台語常用詞辭典
字典,學英文愛定定掀字典，才會進步。,"O̍h Ing-bûn ài tiānn-tiānn hian jī-tián, tsiah ē tsìn-pōo.。",學英文要常常查字典，才會進步。,掀,完整,2025-08-27 15:12:35,教育部臺灣台語常用詞辭典
學校,阿明仔蹛佇學校附近，定定都睏到欲上課矣才欲起來，結果人蹛較遠的攏到學校矣，伊煞不時攏較晏到，莫怪人咧講「近山剉無柴，近溪擔無水。」,"A-bîng--á tuà tī ha̍k-hāu hù-kīn, tiānn-tiānn to khùn kàu beh siōng-khò--ah tsiah beh khí--lâi, kiat-kó lâng tuà khah hn̄g--ê lóng kàu ha̍k-hāu--ah, i suah put-sî lóng khah uànn kàu, bo̍k-kuài lâng teh kóng “kīn suann tshò bô tshâ, kīn khe tann bô tsuí.”。」",小明住在學校附近，常常都睡到快上課了才起床，結果住比較遠的人都到學校了，他卻時常遲到，難怪人家說「靠近山卻砍不到柴，靠近溪邊卻挑不到水。」,近山剉無柴，近溪擔無水。,完整,2025-08-27 15:10:17,教育部臺灣台語常用詞辭典
學歷,雖然阿美𪜶翁矮閣大箍，學歷嘛並阿美較低，毋過伊猶是真愛𪜶翁，因為「媠䆀無比止，愛著較慘死」。,"Sui-jiân A-bí in ang é koh tuā-khoo, ha̍k-li̍k mā phīng A-bí khah kē, m̄-koh i iáu-sī tsin ài in ang, in-uī “suí-bái bô pí tsí, ài--tio̍h khah tshám sí”.。",雖然小美的丈夫長得又矮又胖，學歷也比小美低，但他仍然非常愛他先生，因為「情人眼裡出西施」。,媠䆀無比止，愛著較慘死。,完整,2025-08-27 15:13:06,教育部臺灣台語常用詞辭典
學生,老師欲共王梨酥分予阮這班的學生，就共「相分食有賰，相搶食無份」的道理講予逐家知，隨按總人額，落去分伻，較袂相搶食。,"Lāu-su beh kā ông-lâi-soo pun hōo guán tsit pan ê ha̍k-sing, tō kā “sio-pun tsia̍h ū tshun, sio-tshiúnn tsia̍h bô hūn” ê tō-lí kóng hōo ta̍k-ke tsai, suî àn tsóng lâng-gia̍h, lo̍h-khì pun-phenn, khah bē sio-tshiúnn tsia̍h.。",老師要將鳳梨酥分給我們這班的學生，便向大家說明「禮讓則互蒙其利，爭奪則互受其害」的道理，隨即按總人數，下去平均分配，才不會有爭相搶食的情形。,相分食有賰，相搶食無份。,完整,2025-08-27 15:10:59,教育部臺灣台語常用詞辭典
拭仔,你去叫遐的學生仔提拭仔共烏枋拭拭咧。,Lí khì kiò hia-ê ha̍k-sing-á the̍h tshit-á kā oo-pang tshit-tshit--leh.。,你去叫那些學生拿板擦把黑板擦一擦。,拭仔,完整,2025-08-27 15:10:40,教育部臺灣台語常用詞辭典
捌字,阮阿媽雖然毋捌字，毋過伊講出喙的話攏是金言玉語。,"Guán a-má sui-jiân m̄ bat-jī, m̄-koh i kóng tshut-tshuì ê uē lóng sī kim-giân-gio̍k-gí.。",我祖母雖然不識字，但是他說出口的話都是金玉良言。,金言玉語,完整,2025-08-27 15:11:59,教育部臺灣台語常用詞辭典
放學,放學轉來，伊就閣餾，遮爾認真，一定會讀甲牢腹。,"Pàng-o̍h tńg--lâi, i tō koh liū, tsiah-nī jīn-tsin, it-tīng ē tha̍k kah tiâu-pak.。",放學回到家，他又再複習，這麼認真，一定能讀到牢牢記住。,牢腹,完整,2025-08-27 15:12:15,教育部臺灣台語常用詞辭典
教室,老師上課定教阮講「坐予正，得人疼」，是希望學生囡仔佇教室上課愛坐予四正，若無，會予人歹印象。,"Lāu-su siōng-khò tiānn kà guán kóng “tsē hōo tsiànn, tit lâng thiànn”, sī hi-bāng ha̍k-sing gín-á tī kàu-sik siōng-khò ài tsē hōo sì-tsiànn, nā-bô, ē hōo lâng pháinn ìn-siōng.。",老師上課常常教我們「坐端正，使人疼」，是希望學生在教室上課能坐姿端正，否則，會給人家不好的印象。,坐予正，得人疼。,完整,2025-08-27 15:11:16,教育部臺灣台語常用詞辭典
教育,一寡爸母對𪜶囝兒的教育傷過關心，要求欲換班級，抑是調去別間學校，毋過「一日徙栽，三日徛黃」，囡仔人曷會堪得按呢搬徙，嘛無法度注心來讀冊。,"Tsi̍t-kuá pē-bú tuì in kiánn-jî ê kàu-io̍k siunn kuè kuan-sim, iau-kiû beh uānn pan-kip, ia̍h-sī tiàu-khì pa̍t king ha̍k-hāu, m̄-koh “tsi̍t ji̍t suá-tsai, sann ji̍t khiā-n̂g”, gín-á-lâng a̍h ē-kham-tit án-ne puann-suá, mā bô-huat-tōo tsù-sim lâi tha̍k-tsheh.。",一些父母對於他們的小孩的教育太過關心，要求要換班級，或是調去別間學校，但是「移植一次，蔫黃三日」，小孩子怎麼能受得了這樣遷移，也沒辦法用心讀書。,一日徙栽，三日徛黃。,完整,2025-08-27 15:10:34,教育部臺灣台語常用詞辭典
數學,伊的數學程度真好，雖然才讀國中，高中的數學嘛攏會曉。,"I ê sòo-ha̍k thîng-tōo tsin hó, sui-jiân tsiah tha̍k kok-tiong, ko-tiong ê sòo-ha̍k mā lóng ē-hiáu.。",他的數學程度很好，雖然才讀國中，高中的數學也都會。,程度,完整,2025-08-27 15:13:32,教育部臺灣台語常用詞辭典
朋友,阮這陣愛寫作的朋友會定期聚會，逐家提家己寫的作品出來唸，希望眾人提出修改的意見，「互相落氣，求進步」，向望寫作的能力會當提升。,"Guán tsit tīn ài siá-tsok ê pîng-iú ē tīng-kî tsū-huē, ta̍k-ke the̍h ka-kī siá ê tsok-phín tshut-lâi liām, hi-bāng tsìng-lâng thê-tshut siu-kái ê ì-kiàn, “hōo-siong làu-khuì, kiû tsìn-pōo”, ǹg-bāng siá-tsok ê lîng-li̍k ē-tàng thê-sing.。",我們這群喜愛寫作的朋友會定期聚會，大家拿自己寫的作品出來念，希望大家提供修改意見，「互相批評追求進步」，期望寫作的能力可以提升。,互相落氣，求進步。,完整,2025-08-27 15:11:02,教育部臺灣台語常用詞辭典
校長,偏僻地區的學校學生少，教職員嘛少，學校內面一个人著兼幾若个工課，就會像人所講的「校長兼摃鐘」。,"Phian-phiah tē-khu ê ha̍k-hāu ha̍k-sing tsió, kàu-tsit-uân mā tsió, ha̍k-hāu lāi-bīn tsi̍t ê lâng tio̍h kiam kuí-nā ê khang-khuè, tō ē tshiūnn lâng sóo kóng--ê “hāu-tiúnn kiam kòng tsing”.。",偏僻地區的學校學生少，教職員也少，學校裡一個人要兼好幾項工作，就會像人們所說的「校長兼撞鐘」。,校長兼摃鐘。,完整,2025-08-27 15:12:07,教育部臺灣台語常用詞辭典
歷史,老師咧共學生囡仔解說這層歷史事件。,Lāu-su teh kā ha̍k-sing gín-á kái-sueh tsit tsân li̍k-sú sū-kiānn.。,老師跟學生們解釋這件歷史事件。,解說,完整,2025-08-27 15:10:14,教育部臺灣台語常用詞辭典
毛筆,林先生真𠢕寫毛筆字。,Lîm--sian-sinn tsin gâu siá môo-pit-jī.。,林先生很會寫毛筆字。,先生,完整,2025-08-27 15:11:44,教育部臺灣台語常用詞辭典
烏枋,你去叫遐的學生仔提拭仔共烏枋拭拭咧。,Lí khì kiò hia-ê ha̍k-sing-á the̍h tshit-á kā oo-pang tshit-tshit--leh.。,你去叫那些學生拿板擦把黑板擦一擦。,拭仔,完整,2025-08-27 15:12:38,教育部臺灣台語常用詞辭典
獎品,阿明共阿兄討拄買來的四秀仔，閣共阿姊討比賽贏來的獎品，就去予阿媽共罵講「目睭掛斗概，看人物就愛」。,"A-bîng kā a-hiann thó tú bé--lâi ê sì-siù-á, koh kā a-tsí thó pí-sài iânn--lâi ê tsióng-phín, tō khì hōo a-má kā mē kóng “ba̍k-tsiu kuà táu-kài, khuànn lâng mi̍h tō ài”.。",阿明向哥哥要剛買來的零食，又向姊姊要比賽贏得的獎品，所以就被祖母斥責「眼睛掛著平斗的木概，看到別人的東西就想要」。,目睭掛斗概，看人物就愛。,完整,2025-08-27 15:11:56,教育部臺灣台語常用詞辭典
獎學金,成績無夠，袂當申請獎學金。,"Sîng-tsik bô-kàu, bē-tàng sin-tshíng tsióng-ha̍k-kim.。",成績不夠，不能申請獎學金。,申請,完整,2025-08-27 15:12:46,教育部臺灣台語常用詞辭典
班長,阿德，逐家攏嘛知影你熱心閣愛出風頭，老師問講啥人欲做班長，你毋就緊攑手，莫閣「枵鬼假細膩」矣啦！,"A-tik, ta̍k-ke lóng mā tsai-iánn lí jia̍t-sim koh ài tshut-hong-thâu, lāu-su mn̄g kóng siánn-lâng beh tsò pan-tiúnn, lí m̄-tō kín gia̍h-tshiú, mài koh “iau-kuí ké sè-jī”--ah--lah!。",阿德，大家都知道你熱心又喜歡出風頭，老師問誰要當班長，你還不趕緊舉手，不要再「惺惺作態」了啦！,枵鬼假細膩。,完整,2025-08-27 15:11:25,教育部臺灣台語常用詞辭典
留學,金木伯的孤囝去日本留學，閣提著博士學位，這款的子弟真正是「一斗較贏九石」，通庄的人攏呵咾甲會觸舌！,"Kim-bo̍k peh ê koo-kiánn khì Ji̍t-pún liû-ha̍k, koh the̍h-tio̍h phok-sū ha̍k-uī, tsit khuán ê tsú-tē tsin-tsiànn sī “tsi̍t táu khah iânn káu tsio̍h”, thong tsng ê lâng lóng o-ló kah ē tak-tsi̍h!。",金木伯的獨子去日本留學，又拿到博士學位，這樣的子弟真正是「少量的精品，勝過大量的劣質品」，整個村里的人都讚不絕口！,一斗較贏九石。,完整,2025-08-27 15:10:28,教育部臺灣台語常用詞辭典
畢業,阿財仔下真濟苦心佮所費咧共𪜶後生栽培，向望伊會當出頭天，結局伊毋但大學讀無畢業，閣欲食毋討趁，顛倒是𪜶查某囝較有才情，研究所都猶未出業，幾若間公司就相爭欲共倩，阿財仔怨嘆講：「豬毋大，大對狗去。」,"A-tsâi--á hē tsin tsē khóo-sim kah sóo-huì teh kā in hāu-senn tsai-puê, ǹg-bāng i ē-tàng tshut-thâu-thinn, kiat-kio̍k i m̄-nā tāi-ha̍k tha̍k bô pit-gia̍p, koh beh tsia̍h m̄ thó-thàn, tian-tò sī in tsa-bóo-kiánn khah ū tsâi-tsîng, gián-kiù-sóo to iáu-buē tshut-gia̍p, kuí-nā king kong-si tō sio-tsenn beh kā tshiànn, A-tsâi--á uàn-thàn kóng, “Ti m̄ tuā, tuā tuì káu--khì.”。」",阿財花費了許多苦心和費用栽培他兒子，希望他能出人頭地，結果他不但大學無法畢業，還好逸惡勞，反而是他女兒比較有才華，研究所還沒畢業，好幾間公司就搶著要聘用他，阿財嘆氣說：「事與願違。」,豬毋大，大對狗去。,完整,2025-08-27 15:10:03,教育部臺灣台語常用詞辭典
研究所,阿財仔下真濟苦心佮所費咧共𪜶後生栽培，向望伊會當出頭天，結局伊毋但大學讀無畢業，閣欲食毋討趁，顛倒是𪜶查某囝較有才情，研究所都猶未出業，幾若間公司就相爭欲共倩，阿財仔怨嘆講：「豬毋大，大對狗去。」,"A-tsâi--á hē tsin tsē khóo-sim kah sóo-huì teh kā in hāu-senn tsai-puê, ǹg-bāng i ē-tàng tshut-thâu-thinn, kiat-kio̍k i m̄-nā tāi-ha̍k tha̍k bô pit-gia̍p, koh beh tsia̍h m̄ thó-thàn, tian-tò sī in tsa-bóo-kiánn khah ū tsâi-tsîng, gián-kiù-sóo to iáu-buē tshut-gia̍p, kuí-nā king kong-si tō sio-tsenn beh kā tshiànn, A-tsâi--á uàn-thàn kóng, “Ti m̄ tuā, tuā tuì káu--khì.”。」",阿財花費了許多苦心和費用栽培他兒子，希望他能出人頭地，結果他不但大學無法畢業，還好逸惡勞，反而是他女兒比較有才華，研究所還沒畢業，好幾間公司就搶著要聘用他，阿財嘆氣說：「事與願違。」,豬毋大，大對狗去。,完整,2025-08-27 15:10:06,教育部臺灣台語常用詞辭典
社團,伊這站仔外務真濟，除去正職的頭路，閣有足濟社團的工課，較加嘛無閒𩑾𩑾。,"I tsit-tsām-á guā-bū tsin tsē, tû-khì tsiànn-tsit ê thâu-lōo, koh ū tsiok tsē siā-thuân ê khang-khuè, khah-ke mā bô-îng-tshih-tshih.。",他這陣仔外務很多，除了正職的工作，還有許多社團的工作，難怪會忙得暈頭轉向。,外務,完整,2025-08-27 15:10:37,教育部臺灣台語常用詞辭典
社會,俗語講：「春雺曝死鬼，夏雺做大水。」這是老祖先的經驗談。現代社會有氣象局，比遮的話閣較科學，會當提來檢驗這寡話的正確性。,"Sio̍k-gí kóng, “Tshun bông pha̍k-sí kuí, hā bông tsò-tuā-tsuí.” Tse sī lāu tsóo-sian ê king-giām tâm. Hiān-tāi siā-huē ū khì-siōng-kio̍k, pí tsia-ê uē koh-khah kho-ha̍k, ē-tàng the̍h-lâi kiám-giām tsit kuá uē ê tsìng-khak-sìng.。」這是老祖先的經驗談。現代社會有氣象局，比這些話更科學，可以拿來檢驗這些話的正確性。",人家說：「春天起霧，預兆旱災，夏天起霧，預兆水災。」這是老祖先的經驗談。現代社會有氣象局，比這些話更科學，可以拿來檢驗這些話的正確性。,春雺曝死鬼，夏雺做大水。,完整,2025-08-27 15:11:22,教育部臺灣台語常用詞辭典
簿仔,有酒矸，通賣無，歹銅舊錫簿仔紙通賣無？,"Ū tsiú-kan, thang bē--bô, pháinn-tâng-kū-siah phōo-á-tsuá thang bē--bô?。",有空酒瓶或者用過的壞器具、紙張可以回收利用的東西要賣嗎？摘自民間歌謠。,歹銅舊錫,完整,2025-08-27 15:12:10,教育部臺灣台語常用詞辭典
糊仔,我的指頭仔去予糊仔黏牢咧。,Guá ê tsíng-thâu-á khì hōo kôo-á liâm-tiâu--leh.。,我的手指頭被漿糊黏住了。,牢白tiâu,完整,2025-08-27 15:13:26,教育部臺灣台語常用詞辭典
考試,後禮拜都欲考試矣，這禮拜的歇睏日你猶是莫出去𨑨迌會較穩當，才袂時到「喙食，予尻川坐數」。,"Āu lé-pài to beh khó-tshì--ah, tsit lé-pài ê hioh-khùn-ji̍t lí iáu-sī mài tshut-khì tshit-thô ē khah ún-tàng, tsiah bē sî kàu “tshuì tsia̍h, hōo kha-tshng tshē-siàu”.。",下禮拜就要考試了，這周的假日你還是別出去玩會比較妥當，才不會到時「貪圖一時的好處，自己得承受後果」。,喙食，予尻川坐數。,完整,2025-08-27 15:13:29,教育部臺灣台語常用詞辭典
英文,學英文愛定定掀字典，才會進步。,"O̍h Ing-bûn ài tiānn-tiānn hian jī-tián, tsiah ē tsìn-pōo.。",學英文要常常查字典，才會進步。,掀,完整,2025-08-27 15:12:58,教育部臺灣台語常用詞辭典
補習班,去補習班推看會進步袂。,Khì póo-si̍p-pan thui khuànn ē tsìn-pōo--bē.。,去補習班加強一下，看會不會進步。,推文thui,完整,2025-08-27 15:12:24,教育部臺灣台語常用詞辭典
註冊,我國校出業，考牢初中，可惜無錢通註冊，就去學做師仔。,"Guá kok-hāu tshut-gia̍p, khó-tiâu tshoo-tiong, khó-sioh bô tsînn thang tsù-tsheh, tō khì o̍h tsò sai-á.。",我國小畢業，考上初中，可惜沒有錢可以註冊，就去當學徒。,國校,完整,2025-08-27 15:11:36,教育部臺灣台語常用詞辭典
課本,這本課本有十二課。,Tsit pún khò-pún ū tsa̍p-jī khò.。,這本課本有十二課。,課文khò,完整,2025-08-27 15:13:03,教育部臺灣台語常用詞辭典
讀冊,阿義仔笑阿土仔頇顢讀冊，論真來講是「龜笑鱉無尾，鱉笑龜粗皮」，一个考四十分，一个考三十八，阿義仔是有較𠢕諾？,"A-gī--á tshiò A-thóo--á hân-bān tha̍k-tsheh, lūn-tsin lâi kóng sī “ku tshiò pih bô bué, pih tshiò ku tshoo phuê”, tsi̍t ê khó sì-tsa̍p hun, tsi̍t ê khó sann-tsa̍p-peh, A-gī--á sī ū khah gâu--hioh?。",阿義笑阿土很不會讀書，其實是「五十步笑百步」，一個考四十分，一個考三十八，阿義有比較厲害嗎？,龜笑鱉無尾，鱉笑龜粗皮。,完整,2025-08-27 15:10:12,教育部臺灣台語常用詞辭典
辭典,這本出版無偌久的辭典當咧喝俗賣，現此時來買真上算。,"Tsit pún tshut-pán bô-guā-kú ê sû-tián tng-teh huah-sio̍k-bē, hiān-tshú-sî lâi bé tsin tsiūnn-sǹg.。",這本出版沒多久的辭典正在打折出賣，現在買很划算。,上算,完整,2025-08-27 15:10:31,教育部臺灣台語常用詞辭典
鉸刀,鉸刀爿，鐵掃帚。,"Ka-to-pîng, thih-sàu-tshiú.。",舊時指命中帶剪刀、鐵掃把的女人會帶來傷害夫家住宅的厄運，所以沒有人敢娶。,鐵掃帚,完整,2025-08-27 15:13:17,教育部臺灣台語常用詞辭典
高中,伊的數學程度真好，雖然才讀國中，高中的數學嘛攏會曉。,"I ê sòo-ha̍k thîng-tōo tsin hó, sui-jiân tsiah tha̍k kok-tiong, ko-tiong ê sòo-ha̍k mā lóng ē-hiáu.。",他的數學程度很好，雖然才讀國中，高中的數學也都會。,程度,完整,2025-08-27 15:12:27,教育部臺灣台語常用詞辭典
